experiment_id,run_number,policy,domain,url,experiment_count,experiment_code,timestamp,timezone_offset,local_time,default_dns_servers,default_lookup_status,default_lookup_success,default_lookup_ips,cloudflare_lookup_status,cloudflare_lookup_success,cloudflare_lookup_ips,all_ips,page_load_success,page_load_status
0,0,"us_control_sample_nat","shahidlive.co","https://shahidlive.co/",0,"shahidlive.co_0",1616670568637,240,"3/25/2021, 7:09:28 AM","[""172.20.144.1""]","success",1,"[""212.179.121.131""]","success",1,"[""212.179.121.131""]","[""212.179.121.131""]",1,"success"
1,0,"us_control_sample_nat","katib.net","https://katib.net/",0,"katib.net_0",1616670582283,240,"3/25/2021, 7:09:42 AM","[""172.20.144.1""]","success",1,"[""213.108.104.110""]","success",1,"[""213.108.104.110""]","[""213.108.104.110""]",1,"success"
2,0,"us_control_sample_nat","dailysabah.com","https://www.dailysabah.com/",0,"dailysabah.com_0",1616670593004,240,"3/25/2021, 7:09:53 AM","[""172.20.144.1""]","success",1,"[""194.36.160.50""]","success",1,"[""194.36.160.50""]","[""194.36.160.50""]",1,"success"
3,0,"us_control_sample_nat","avert.org","http://www.avert.org/",0,"avert.org_0",1616670602763,240,"3/25/2021, 7:10:02 AM","[""172.20.144.1""]","success",1,"[""172.67.71.72"",""104.26.8.235"",""104.26.9.235""]","success",1,"[""172.67.71.72"",""104.26.8.235"",""104.26.9.235""]","[""172.67.71.72"",""104.26.8.235"",""104.26.9.235""]",1,"success"
4,0,"us_control_sample_nat","proxylisty.com","http://proxylisty.com/",0,"proxylisty.com_0",1616670613491,240,"3/25/2021, 7:10:13 AM","[""172.20.144.1""]","success",1,"[""45.77.186.199""]","success",1,"[""45.77.186.199""]","[""45.77.186.199""]",1,"success"
5,0,"us_control_sample_nat","aljazeera.net","http://www.aljazeera.net",0,"aljazeera.net_0",1616670623936,240,"3/25/2021, 7:10:23 AM","[""172.20.144.1""]","success",1,"[""13.48.205.10"",""13.53.128.5"",""13.49.103.61""]","success",1,"[""3.13.128.62"",""3.13.222.135"",""3.137.85.135""]","[""13.48.205.10"",""13.53.128.5"",""13.49.103.61"",""3.13.128.62"",""3.13.222.135"",""3.137.85.135""]",1,"success"
6,0,"us_control_sample_nat","bypasstool.gq","http://www.bypasstool.gq",0,"bypasstool.gq_0",1616670635197,240,"3/25/2021, 7:10:35 AM","[""172.20.144.1""]","success",1,"[""195.20.50.134""]","success",1,"[""195.20.50.134""]","[""195.20.50.134""]",1,"success"
7,0,"us_control_sample_nat","studies.aljazeera.net","http://studies.aljazeera.net/",0,"studies.aljazeera.net_0",1616670643074,240,"3/25/2021, 7:10:43 AM","[""172.20.144.1""]","success",1,"[""104.104.111.91""]","success",1,"[""104.104.111.91""]","[""104.104.111.91""]",1,"success"
8,0,"us_control_sample_nat","egybest.pw","http://egybest.pw",0,"egybest.pw_0",1616670653015,240,"3/25/2021, 7:10:53 AM","[""172.20.144.1""]","success",1,"[""104.21.8.181"",""172.67.157.163""]","success",1,"[""172.67.157.163"",""104.21.8.181""]","[""104.21.8.181"",""172.67.157.163""]",1,"success"
9,0,"us_control_sample_nat","payu.in","http://payu.in",0,"payu.in_0",1616670662546,240,"3/25/2021, 7:11:02 AM","[""172.20.144.1""]","success",1,"[""13.232.230.23"",""65.1.34.99""]","success",1,"[""13.232.230.23"",""65.1.34.99""]","[""13.232.230.23"",""65.1.34.99""]",1,"success"
10,0,"us_control_sample_nat","tejaratnews.com","http://tejaratnews.com",0,"tejaratnews.com_0",1616670673936,240,"3/25/2021, 7:11:13 AM","[""172.20.144.1""]","success",1,"[""185.129.169.84""]","success",1,"[""185.129.169.84""]","[""185.129.169.84""]",1,"success"
11,0,"us_control_sample_nat","al-watan.com","http://al-watan.com/",0,"al-watan.com_0",1616670684528,240,"3/25/2021, 7:11:24 AM","[""172.20.144.1""]","success",1,"[""80.76.165.99""]","success",1,"[""80.76.165.99""]","[""80.76.165.99""]",1,"success"
12,0,"us_control_sample_nat","raya.com","https://www.raya.com/portal",0,"raya.com_0",1616670706908,240,"3/25/2021, 7:11:46 AM","[""172.20.144.1""]","success",1,"[""104.26.10.92"",""104.26.11.92"",""172.67.74.185""]","success",1,"[""104.26.11.92"",""104.26.10.92"",""172.67.74.185""]","[""104.26.10.92"",""104.26.11.92"",""172.67.74.185""]",1,"success"
13,0,"us_control_sample_nat","raya.com","https://www.raya.com/",1,"raya.com_1",1616670720626,240,"3/25/2021, 7:12:00 AM","[""172.20.144.1""]","success",1,"[""104.26.10.92"",""104.26.11.92"",""172.67.74.185""]","success",1,"[""104.26.10.92"",""172.67.74.185"",""104.26.11.92""]","[""104.26.10.92"",""104.26.11.92"",""172.67.74.185""]",1,"success"
14,0,"us_control_sample_nat","sasapost.com","https://sasapost.com/",0,"sasapost.com_0",1616670734022,240,"3/25/2021, 7:12:14 AM","[""172.20.144.1""]","success",1,"[""172.67.140.243"",""104.21.27.29""]","success",1,"[""172.67.140.243"",""104.21.27.29""]","[""172.67.140.243"",""104.21.27.29""]",1,"success"
15,0,"us_control_sample_nat","yanairgate.net","http://yanairgate.net/",0,"yanairgate.net_0",1616670744910,240,"3/25/2021, 7:12:24 AM","[""172.20.144.1""]","success",1,"[""3.13.31.214""]","success",1,"[""3.13.31.214""]","[""3.13.31.214""]",1,"success"
16,0,"us_control_sample_nat","akproxy.gq","http://www.akproxy.gq",0,"akproxy.gq_0",1616670754166,240,"3/25/2021, 7:12:34 AM","[""172.20.144.1""]","success",1,"[""195.20.52.148""]","success",1,"[""195.20.52.148""]","[""195.20.52.148""]",1,"success"
17,0,"us_control_sample_nat","ikhwanonline.com","http://www.ikhwanonline.com",0,"ikhwanonline.com_0",1616670763961,240,"3/25/2021, 7:12:43 AM","[""172.20.144.1""]","success",1,"[""104.21.88.190"",""172.67.152.47""]","success",1,"[""104.21.88.190"",""172.67.152.47""]","[""104.21.88.190"",""172.67.152.47""]",1,"success"
18,0,"us_control_sample_nat","de.lirio.us","http://de.lirio.us/",0,"de.lirio.us_0",1616670773232,240,"3/25/2021, 7:12:53 AM","[""172.20.144.1""]","success",1,"[""96.47.230.69""]","success",1,"[""192.157.56.140""]","[""96.47.230.69"",""192.157.56.140""]",1,"success"
19,0,"us_control_sample_nat","al-akhbar.com","https://al-akhbar.com/",0,"al-akhbar.com_0",1616670783480,240,"3/25/2021, 7:13:03 AM","[""172.20.144.1""]","success",1,"[""104.26.2.184"",""104.26.3.184"",""172.67.75.16""]","success",1,"[""104.26.3.184"",""104.26.2.184"",""172.67.75.16""]","[""104.26.2.184"",""104.26.3.184"",""172.67.75.16""]",1,"success"
20,0,"us_control_sample_nat","ipvanish.com","https://www.ipvanish.com/",0,"ipvanish.com_0",1616670796209,240,"3/25/2021, 7:13:16 AM","[""172.20.144.1""]","success",1,"[""151.101.2.133"",""151.101.66.133"",""151.101.130.133"",""151.101.194.133""]","success",1,"[""151.101.130.133"",""151.101.194.133"",""151.101.2.133"",""151.101.66.133""]","[""151.101.2.133"",""151.101.66.133"",""151.101.130.133"",""151.101.194.133""]",1,"success"
21,0,"us_control_sample_nat","ampproject.org","https://www.ampproject.org/",0,"ampproject.org_0",1616670807433,240,"3/25/2021, 7:13:27 AM","[""172.20.144.1""]","success",1,"[""172.217.7.14""]","success",1,"[""172.217.10.142""]","[""172.217.7.14"",""172.217.10.142""]",1,"success"
22,0,"us_control_sample_nat","thenewkhalij.org","http://thenewkhalij.org",0,"thenewkhalij.org_0",1616670816549,240,"3/25/2021, 7:13:36 AM","[""172.20.144.1""]","success",1,"[""104.21.77.219"",""172.67.211.234""]","success",1,"[""104.21.77.219"",""172.67.211.234""]","[""104.21.77.219"",""172.67.211.234""]",1,"success"
23,0,"us_control_sample_nat","shadowsocks.org","https://shadowsocks.org/",0,"shadowsocks.org_0",1616670829862,240,"3/25/2021, 7:13:49 AM","[""172.20.144.1""]","success",1,"[""104.21.21.10"",""172.67.195.168""]","success",1,"[""104.21.21.10"",""172.67.195.168""]","[""104.21.21.10"",""172.67.195.168""]",1,"success"
24,0,"us_control_sample_nat","masr11.com","https://www.masr11.com/",0,"masr11.com_0",1616670837478,240,"3/25/2021, 7:13:57 AM","[""172.20.144.1""]","success",1,"[""104.21.55.125"",""172.67.148.28""]","success",1,"[""104.21.55.125"",""172.67.148.28""]","[""104.21.55.125"",""172.67.148.28""]",1,"success"
25,0,"us_control_sample_nat","cencos.org","http://cencos.org/",0,"cencos.org_0",1616670851522,240,"3/25/2021, 7:14:11 AM","[""172.20.144.1""]","success",1,"[""159.203.8.241""]","success",1,"[""159.203.8.241""]","[""159.203.8.241""]",1,"success"
26,0,"us_control_sample_nat","us-proxy.org","http://www.us-proxy.org",0,"us-proxy.org_0",1616670859730,240,"3/25/2021, 7:14:19 AM","[""172.20.144.1""]","success",1,"[""172.67.157.210"",""104.21.8.194""]","success",1,"[""104.21.8.194"",""172.67.157.210""]","[""172.67.157.210"",""104.21.8.194""]",1,"success"
27,0,"us_control_sample_nat","fj-p.com","http://www.fj-p.com",0,"fj-p.com_0",1616670869184,240,"3/25/2021, 7:14:29 AM","[""172.20.144.1""]","success",1,"[""172.67.201.15"",""104.21.76.210""]","success",1,"[""172.67.201.15"",""104.21.76.210""]","[""172.67.201.15"",""104.21.76.210""]",1,"success"
28,0,"us_control_sample_nat","tunnelbear.com","https://www.tunnelbear.com/",0,"tunnelbear.com_0",1616670898646,240,"3/25/2021, 7:14:58 AM","[""172.20.144.1""]","success",1,"[""104.17.155.236"",""104.17.154.236""]","success",1,"[""104.17.154.236"",""104.17.155.236""]","[""104.17.155.236"",""104.17.154.236""]",1,"success"
29,0,"us_control_sample_nat","medium.com","https://medium.com/",0,"medium.com_0",1616670906665,240,"3/25/2021, 7:15:06 AM","[""172.20.144.1""]","success",1,"[""162.159.152.4"",""162.159.153.4""]","success",1,"[""162.159.153.4"",""162.159.152.4""]","[""162.159.152.4"",""162.159.153.4""]",1,"success"
30,0,"us_control_sample_nat","anhri.net","https://anhri.net/",0,"anhri.net_0",1616670917881,240,"3/25/2021, 7:15:17 AM","[""172.20.144.1""]","success",1,"[""213.108.104.110""]","success",1,"[""213.108.104.110""]","[""213.108.104.110""]",1,"success"
31,0,"us_control_sample_nat","alaraby.co.uk","https://www.alaraby.co.uk/portal",0,"alaraby.co.uk_0",1616670929679,240,"3/25/2021, 7:15:29 AM","[""172.20.144.1""]","success",1,"[""152.195.32.173""]","success",1,"[""152.195.32.173""]","[""152.195.32.173""]",1,"success"
32,0,"us_control_sample_nat","steadyproxy.ga","http://steadyproxy.ga",0,"steadyproxy.ga_0",1616670942226,240,"3/25/2021, 7:15:42 AM","[""172.20.144.1""]","success",1,"[""195.20.52.203""]","success",1,"[""195.20.52.203""]","[""195.20.52.203""]",1,"success"
33,0,"us_control_sample_nat","ok.ru","http://ok.ru",0,"ok.ru_0",1616670953046,240,"3/25/2021, 7:15:53 AM","[""172.20.144.1""]","success",1,"[""217.20.147.1"",""5.61.23.11"",""217.20.155.13""]","success",1,"[""5.61.23.11"",""217.20.155.13"",""217.20.147.1""]","[""217.20.147.1"",""5.61.23.11"",""217.20.155.13""]",0,"Navigation timeout of 60000 ms exceeded"
34,0,"us_control_sample_nat","studies.aljazeera.net","http://studies.aljazeera.net",1,"studies.aljazeera.net_1",1616671020644,240,"3/25/2021, 7:17:00 AM","[""172.20.144.1""]","success",1,"[""104.104.111.91""]","success",1,"[""104.104.111.91""]","[""104.104.111.91""]",1,"success"
35,0,"us_control_sample_nat","ahmedgamalziada.blogspot.com.eg","http://ahmedgamalziada.blogspot.com.eg",0,"ahmedgamalziada.blogspot.com.eg_0",1616671029835,240,"3/25/2021, 7:17:09 AM","[""172.20.144.1""]","success",1,"[""172.217.6.193""]","success",1,"[""172.217.11.1""]","[""172.217.6.193"",""172.217.11.1""]",1,"success"
36,0,"us_control_sample_nat","on-instant.com","http://www.on-instant.com/",0,"on-instant.com_0",1616671039385,240,"3/25/2021, 7:17:19 AM","[""172.20.144.1""]","success",1,"[""96.45.82.197"",""96.45.82.43"",""96.45.83.165"",""96.45.83.23""]","success",1,"[""96.45.82.43"",""96.45.82.197"",""96.45.83.23"",""96.45.83.165""]","[""96.45.82.197"",""96.45.82.43"",""96.45.83.165"",""96.45.83.23""]",1,"success"
37,0,"us_control_sample_nat","healthline.com","http://healthline.com",0,"healthline.com_0",1616671050211,240,"3/25/2021, 7:17:30 AM","[""172.20.144.1""]","success",1,"[""65.8.195.28"",""65.8.195.118"",""65.8.195.20"",""65.8.195.41""]","success",1,"[""65.8.195.20"",""65.8.195.28"",""65.8.195.41"",""65.8.195.118""]","[""65.8.195.28"",""65.8.195.118"",""65.8.195.20"",""65.8.195.41""]",1,"success"
38,0,"us_control_sample_nat","egybest.co","http://egybest.co",0,"egybest.co_0",1616671060371,240,"3/25/2021, 7:17:40 AM","[""172.20.144.1""]","success",1,"[""104.21.83.91"",""172.67.220.239""]","success",1,"[""104.21.83.91"",""172.67.220.239""]","[""104.21.83.91"",""172.67.220.239""]",1,"success"
39,0,"us_control_sample_nat","cyberghostvpn.com","https://cyberghostvpn.com/",0,"cyberghostvpn.com_0",1616671070332,240,"3/25/2021, 7:17:50 AM","[""172.20.144.1""]","success",1,"[""54.247.96.113""]","success",1,"[""54.247.96.113""]","[""54.247.96.113""]",1,"success"
40,0,"us_control_sample_nat","elbadil.com","http://elbadil.com",0,"elbadil.com_0",1616671080754,240,"3/25/2021, 7:18:00 AM","[""172.20.144.1""]","success",1,"[""104.21.32.169"",""172.67.153.20""]","success",1,"[""172.67.153.20"",""104.21.32.169""]","[""104.21.32.169"",""172.67.153.20""]",1,"success"
41,0,"us_control_sample_nat","balkans.aljazeera.net","http://balkans.aljazeera.net",0,"balkans.aljazeera.net_0",1616671089290,240,"3/25/2021, 7:18:09 AM","[""172.20.144.1""]","success",1,"[""104.104.111.91""]","success",1,"[""104.104.111.91""]","[""104.104.111.91""]",1,"success"
42,0,"us_control_sample_nat","socialnewpages.com","http://socialnewpages.com",0,"socialnewpages.com_0",1616671102612,240,"3/25/2021, 7:18:22 AM","[""172.20.144.1""]","success",1,"[""108.59.81.209""]","success",1,"[""108.59.81.209""]","[""108.59.81.209""]",1,"success"
43,0,"us_control_sample_nat","rsf.org","https://rsf.org/",0,"rsf.org_0",1616671111509,240,"3/25/2021, 7:18:31 AM","[""172.20.144.1""]","success",1,"[""104.25.93.108"",""172.67.66.183"",""104.25.94.108""]","success",1,"[""104.25.94.108"",""172.67.66.183"",""104.25.93.108""]","[""104.25.93.108"",""172.67.66.183"",""104.25.94.108""]",1,"success"
44,0,"us_control_sample_nat","thepeninsulaqatar.com","https://www.thepeninsulaqatar.com/",0,"thepeninsulaqatar.com_0",1616671119835,240,"3/25/2021, 7:18:39 AM","[""172.20.144.1""]","success",1,"[""172.67.70.41"",""104.26.4.95"",""104.26.5.95""]","success",1,"[""104.26.5.95"",""104.26.4.95"",""172.67.70.41""]","[""172.67.70.41"",""104.26.4.95"",""104.26.5.95""]",1,"success"
45,0,"us_control_sample_nat","turk.life","https://turk.life/",0,"turk.life_0",1616671131046,240,"3/25/2021, 7:18:51 AM","[""172.20.144.1""]","success",1,"[""108.167.158.210""]","success",1,"[""108.167.158.210""]","[""108.167.158.210""]",1,"success"
46,0,"us_control_sample_nat","medium.com","http://medium.com",1,"medium.com_1",1616671144432,240,"3/25/2021, 7:19:04 AM","[""172.20.144.1""]","success",1,"[""162.159.152.4"",""162.159.153.4""]","success",1,"[""162.159.153.4"",""162.159.152.4""]","[""162.159.152.4"",""162.159.153.4""]",1,"success"
47,0,"us_control_sample_nat","masreiat.com","http://masreiat.com/",0,"masreiat.com_0",1616671157763,240,"3/25/2021, 7:19:17 AM","[""172.20.144.1""]","success",1,"[""104.21.54.14"",""172.67.222.53""]","success",1,"[""104.21.54.14"",""172.67.222.53""]","[""104.21.54.14"",""172.67.222.53""]",1,"success"
48,0,"us_control_sample_nat","twitch.tv","https://www.twitch.tv/",0,"twitch.tv_0",1616671166591,240,"3/25/2021, 7:19:26 AM","[""172.20.144.1""]","success",1,"[""151.101.194.167"",""151.101.130.167"",""151.101.66.167"",""151.101.2.167""]","success",1,"[""151.101.66.167"",""151.101.2.167"",""151.101.130.167"",""151.101.194.167""]","[""151.101.194.167"",""151.101.130.167"",""151.101.66.167"",""151.101.2.167""]",1,"success"
49,0,"us_control_sample_nat","sport.aljazeera.net","https://sport.aljazeera.net/",0,"sport.aljazeera.net_0",1616671177654,240,"3/25/2021, 7:19:37 AM","[""172.20.144.1""]","success",1,"[""104.104.111.91""]","success",1,"[""104.104.111.91""]","[""104.104.111.91""]",1,"success"
50,0,"us_control_sample_nat","jeem.me","https://jeem.me/",0,"jeem.me_0",1616671189967,240,"3/25/2021, 7:19:49 AM","[""172.20.144.1""]","success",1,"[""213.108.104.116""]","success",1,"[""213.108.104.116""]","[""213.108.104.116""]",1,"success"
51,0,"us_control_sample_nat","vwv.almanassa.net","https://vwv.almanassa.net/ar/",0,"vwv.almanassa.net_0",1616671201503,240,"3/25/2021, 7:20:01 AM","[""172.20.144.1""]","success",1,"[""83.68.31.235""]","success",1,"[""83.68.31.235""]","[""83.68.31.235""]",1,"success"
52,0,"us_control_sample_nat","alalam.ir","http://www.alalam.ir",0,"alalam.ir_0",1616671212690,240,"3/25/2021, 7:20:12 AM","[""172.20.144.1""]","queryA ENODATA alalam.ir",0,"[]","success",1,"[""142.54.186.50""]","[""142.54.186.50""]",1,"success"
53,0,"us_control_sample_nat","al-sharq.com","https://www.al-sharq.com/",0,"al-sharq.com_0",1616671224538,240,"3/25/2021, 7:20:24 AM","[""172.20.144.1""]","success",1,"[""104.22.77.104"",""172.67.26.243"",""104.22.76.104""]","success",1,"[""104.22.76.104"",""104.22.77.104"",""172.67.26.243""]","[""104.22.77.104"",""172.67.26.243"",""104.22.76.104""]",1,"success"
54,0,"us_control_sample_nat","watanserb.com","http://www.watanserb.com",0,"watanserb.com_0",1616671243036,240,"3/25/2021, 7:20:43 AM","[""172.20.144.1""]","success",1,"[""104.26.7.79"",""104.26.6.79"",""172.67.68.215""]","success",1,"[""104.26.7.79"",""104.26.6.79"",""172.67.68.215""]","[""104.26.7.79"",""104.26.6.79"",""172.67.68.215""]",1,"success"
55,0,"us_control_sample_nat","madamirror19.appspot.com","https://madamirror19.appspot.com/madamasr.com/",0,"madamirror19.appspot.com_0",1616671282792,240,"3/25/2021, 7:21:22 AM","[""172.20.144.1""]","success",1,"[""172.217.9.244""]","success",1,"[""172.217.12.148""]","[""172.217.9.244"",""172.217.12.148""]",1,"success"
56,0,"us_control_sample_nat","alwafd.news","http://alwafd.news",0,"alwafd.news_0",1616671292337,240,"3/25/2021, 7:21:32 AM","[""172.20.144.1""]","success",1,"[""172.67.75.42"",""104.26.1.172"",""104.26.0.172""]","success",1,"[""104.26.1.172"",""172.67.75.42"",""104.26.0.172""]","[""172.67.75.42"",""104.26.1.172"",""104.26.0.172""]",1,"success"
57,0,"us_control_sample_nat","thenewkhalij.org","https://thenewkhalij.org/",1,"thenewkhalij.org_1",1616671304982,240,"3/25/2021, 7:21:44 AM","[""172.20.144.1""]","success",1,"[""104.21.77.219"",""172.67.211.234""]","success",1,"[""104.21.77.219"",""172.67.211.234""]","[""104.21.77.219"",""172.67.211.234""]",1,"success"
58,0,"us_control_sample_nat","institute.aljazeera.net","http://institute.aljazeera.net",0,"institute.aljazeera.net_0",1616671315652,240,"3/25/2021, 7:21:55 AM","[""172.20.144.1""]","success",1,"[""104.104.111.91""]","success",1,"[""104.104.111.91""]","[""104.104.111.91""]",1,"success"
59,0,"us_control_sample_nat","hrw.org","http://hrw.org",0,"hrw.org_0",1616671326602,240,"3/25/2021, 7:22:06 AM","[""172.20.144.1""]","success",1,"[""72.251.236.179""]","success",1,"[""72.251.236.179""]","[""72.251.236.179""]",1,"success"
60,0,"us_control_sample_nat","miraclelingerie.ae","https://www.miraclelingerie.ae/",0,"miraclelingerie.ae_0",1616671334705,240,"3/25/2021, 7:22:14 AM","[""172.20.144.1""]","success",1,"[""91.134.203.208""]","success",1,"[""91.134.203.208""]","[""91.134.203.208""]",1,"success"
61,0,"us_control_sample_nat","vodafone.com.eg","http://vodafone.com.eg",0,"vodafone.com.eg_0",1616671345038,240,"3/25/2021, 7:22:25 AM","[""172.20.144.1""]","success",1,"[""82.129.223.22""]","success",1,"[""82.129.223.22""]","[""82.129.223.22""]",1,"success"
62,0,"us_control_sample_nat","raseef22.com","https://raseef22.com/",0,"raseef22.com_0",1616671356994,240,"3/25/2021, 7:22:36 AM","[""172.20.144.1""]","success",1,"[""104.21.73.248"",""172.67.151.205""]","success",1,"[""104.21.73.248"",""172.67.151.205""]","[""104.21.73.248"",""172.67.151.205""]",1,"success"
63,0,"us_control_sample_nat","arabseed.tv","https://www.arabseed.tv/",0,"arabseed.tv_0",1616671383581,240,"3/25/2021, 7:23:03 AM","[""172.20.144.1""]","success",1,"[""104.21.47.171"",""172.67.171.176""]","success",1,"[""172.67.171.176"",""104.21.47.171""]","[""104.21.47.171"",""172.67.171.176""]",1,"success"
64,0,"us_control_sample_nat","bypasstool.gq","http://bypasstool.gq/",1,"bypasstool.gq_1",1616671394091,240,"3/25/2021, 7:23:14 AM","[""172.20.144.1""]","success",1,"[""195.20.50.134""]","success",1,"[""195.20.50.134""]","[""195.20.50.134""]",1,"success"
65,0,"us_control_sample_nat","2fastsurfer.com","http://www.2fastsurfer.com",0,"2fastsurfer.com_0",1616671402503,240,"3/25/2021, 7:23:22 AM","[""172.20.144.1""]","success",1,"[""192.96.205.3""]","success",1,"[""192.96.205.3""]","[""192.96.205.3""]",1,"success"
66,0,"us_control_sample_nat","series4watch.online","https://www.series4watch.online/",0,"series4watch.online_0",1616671411756,240,"3/25/2021, 7:23:31 AM","[""172.20.144.1""]","success",1,"[""103.224.182.250""]","success",1,"[""103.224.182.250""]","[""103.224.182.250""]",1,"success"
67,0,"us_control_sample_nat","alalamtv.net","https://www.alalamtv.net/",0,"alalamtv.net_0",1616671422162,240,"3/25/2021, 7:23:42 AM","[""172.20.144.1""]","success",1,"[""192.99.38.90""]","success",1,"[""192.99.38.90""]","[""192.99.38.90""]",1,"success"
68,0,"us_control_sample_nat","webproxy.to","http://www.webproxy.to",0,"webproxy.to_0",1616671430307,240,"3/25/2021, 7:23:50 AM","[""172.20.144.1""]","success",1,"[""69.64.52.22""]","success",1,"[""69.64.52.22""]","[""69.64.52.22""]",1,"success"
69,0,"us_control_sample_nat","balkans.aljazeera.net","https://balkans.aljazeera.net/",1,"balkans.aljazeera.net_1",1616671440212,240,"3/25/2021, 7:24:00 AM","[""172.20.144.1""]","success",1,"[""104.104.111.91""]","success",1,"[""104.104.111.91""]","[""104.104.111.91""]",1,"success"
70,0,"us_control_sample_nat","akhbarturkiya.com","http://akhbarturkiya.com",0,"akhbarturkiya.com_0",1616671452996,240,"3/25/2021, 7:24:12 AM","[""172.20.144.1""]","success",1,"[""104.21.62.94"",""172.67.222.117""]","success",1,"[""172.67.222.117"",""104.21.62.94""]","[""104.21.62.94"",""172.67.222.117""]",1,"success"
71,0,"us_control_sample_nat","institute.aljazeera.net","https://institute.aljazeera.net/",1,"institute.aljazeera.net_1",1616671462345,240,"3/25/2021, 7:24:22 AM","[""172.20.144.1""]","success",1,"[""104.104.111.91""]","success",1,"[""104.104.111.91""]","[""104.104.111.91""]",1,"success"
72,0,"us_control_sample_nat","cyberghostvpn.com","http://www.cyberghostvpn.com",1,"cyberghostvpn.com_1",1616671472737,240,"3/25/2021, 7:24:32 AM","[""172.20.144.1""]","success",1,"[""54.247.96.113""]","success",1,"[""54.247.96.113""]","[""54.247.96.113""]",1,"success"
73,0,"us_control_sample_nat","site.voicepulse.com","https://site.voicepulse.com/",0,"site.voicepulse.com_0",1616671485080,240,"3/25/2021, 7:24:45 AM","[""172.20.144.1""]","success",1,"[""130.211.185.217""]","success",1,"[""130.211.185.217""]","[""130.211.185.217""]",1,"success"
74,0,"us_control_sample_nat","babylon-x.com","http://www.babylon-x.com/",0,"babylon-x.com_0",1616671493783,240,"3/25/2021, 7:24:53 AM","[""172.20.144.1""]","success",1,"[""104.247.81.52""]","success",1,"[""104.247.81.52""]","[""104.247.81.52""]",1,"success"
75,0,"us_control_sample_nat","al-watan.com","http://www.al-watan.com",1,"al-watan.com_1",1616671503003,240,"3/25/2021, 7:25:03 AM","[""172.20.144.1""]","success",1,"[""80.76.165.99""]","success",1,"[""80.76.165.99""]","[""80.76.165.99""]",1,"success"
76,0,"us_control_sample_nat","blogs.aljazeera.net","http://blogs.aljazeera.net",0,"blogs.aljazeera.net_0",1616671522174,240,"3/25/2021, 7:25:22 AM","[""172.20.144.1""]","success",1,"[""104.104.111.91""]","success",1,"[""104.104.111.91""]","[""104.104.111.91""]",1,"success"
77,0,"us_control_sample_nat","nordvpn.com","http://www.nordvpn.com",0,"nordvpn.com_0",1616671533457,240,"3/25/2021, 7:25:33 AM","[""172.20.144.1""]","success",1,"[""104.17.50.74"",""104.17.49.74""]","success",1,"[""104.17.49.74"",""104.17.50.74""]","[""104.17.50.74"",""104.17.49.74""]",1,"success"
78,0,"us_control_sample_nat","amlalommah.net","http://www.amlalommah.net",0,"amlalommah.net_0",1616671542099,240,"3/25/2021, 7:25:42 AM","[""172.20.144.1""]","success",1,"[""172.67.141.61"",""104.21.62.252""]","success",1,"[""104.21.62.252"",""172.67.141.61""]","[""172.67.141.61"",""104.21.62.252""]",1,"success"
79,0,"us_control_sample_nat","mubasher.aljazeera.net","http://mubasher.aljazeera.net",0,"mubasher.aljazeera.net_0",1616671551295,240,"3/25/2021, 7:25:51 AM","[""172.20.144.1""]","success",1,"[""104.104.111.91""]","success",1,"[""104.104.111.91""]","[""104.104.111.91""]",1,"success"
80,0,"us_control_sample_nat","brstej.com","http://brstej.com",0,"brstej.com_0",1616671563675,240,"3/25/2021, 7:26:03 AM","[""172.20.144.1""]","success",1,"[""104.26.6.141"",""104.26.7.141"",""172.67.74.232""]","success",1,"[""104.26.7.141"",""172.67.74.232"",""104.26.6.141""]","[""104.26.6.141"",""104.26.7.141"",""172.67.74.232""]",1,"success"
81,0,"us_control_sample_nat","jatoeg.org","http://www.jatoeg.org",0,"jatoeg.org_0",1616671573021,240,"3/25/2021, 7:26:13 AM","[""172.20.144.1""]","queryA ENOTFOUND jatoeg.org",0,"[]","queryA ENOTFOUND jatoeg.org",0,"[]","[]",0,"net::ERR_NAME_NOT_RESOLVED at http://www.jatoeg.org"
82,0,"us_control_sample_nat","activewebproxy.cf","http://www.activewebproxy.cf",0,"activewebproxy.cf_0",1616671579819,240,"3/25/2021, 7:26:19 AM","[""172.20.144.1""]","success",1,"[""195.20.51.56""]","success",1,"[""195.20.51.56""]","[""195.20.51.56""]",1,"success"
83,0,"us_control_sample_nat","vvv.almanassa.net","https://vvv.almanassa.net/ar/",0,"vvv.almanassa.net_0",1616671590394,240,"3/25/2021, 7:26:30 AM","[""172.20.144.1""]","success",1,"[""83.68.31.235""]","success",1,"[""83.68.31.235""]","[""83.68.31.235""]",1,"success"
84,0,"us_control_sample_nat","topnewproxy.gq","http://www.topnewproxy.gq",0,"topnewproxy.gq_0",1616671601935,240,"3/25/2021, 7:26:41 AM","[""172.20.144.1""]","success",1,"[""195.20.48.217""]","success",1,"[""195.20.48.217""]","[""195.20.48.217""]",1,"success"
85,0,"us_control_sample_nat","gulf-times.com","http://www.gulf-times.com",0,"gulf-times.com_0",1616671612077,240,"3/25/2021, 7:26:52 AM","[""172.20.144.1""]","success",1,"[""104.26.14.251"",""104.26.15.251"",""172.67.73.97""]","success",1,"[""172.67.73.97"",""104.26.14.251"",""104.26.15.251""]","[""104.26.14.251"",""104.26.15.251"",""172.67.73.97""]",0,"Navigation timeout of 60000 ms exceeded"
86,0,"us_control_sample_nat","madamirror11.appspot.com","https://madamirror11.appspot.com/www.madamasr.com/",0,"madamirror11.appspot.com_0",1616671679426,240,"3/25/2021, 7:27:59 AM","[""172.20.144.1""]","success",1,"[""172.217.7.20""]","success",1,"[""172.217.7.20""]","[""172.217.7.20""]",1,"success"
87,0,"us_control_sample_nat","midan.aljazeera.net","http://midan.aljazeera.net",0,"midan.aljazeera.net_0",1616671688089,240,"3/25/2021, 7:28:08 AM","[""172.20.144.1""]","success",1,"[""104.104.111.91""]","success",1,"[""104.104.111.91""]","[""104.104.111.91""]",1,"success"
88,0,"us_control_sample_nat","akhbaralsabah.com","https://www.akhbaralsabah.com/",0,"akhbaralsabah.com_0",1616671699473,240,"3/25/2021, 7:28:19 AM","[""172.20.144.1""]","success",1,"[""217.160.0.128""]","success",1,"[""217.160.0.128""]","[""217.160.0.128""]",1,"success"
89,0,"us_control_sample_nat","jiameng.com","http://jiameng.com",0,"jiameng.com_0",1616671710754,240,"3/25/2021, 7:28:30 AM","[""172.20.144.1""]","success",1,"[""127.0.0.1""]","success",1,"[""127.0.0.1""]","[""127.0.0.1""]",0,"net::ERR_CONNECTION_REFUSED at http://jiameng.com"
90,0,"us_control_sample_nat","almanassa.com","http://almanassa.com",0,"almanassa.com_0",1616671718081,240,"3/25/2021, 7:28:38 AM","[""172.20.144.1""]","success",1,"[""83.68.31.235""]","success",1,"[""83.68.31.235""]","[""83.68.31.235""]",1,"success"
91,0,"us_control_sample_nat","moheet.com","http://www.moheet.com",0,"moheet.com_0",1616671730045,240,"3/25/2021, 7:28:50 AM","[""172.20.144.1""]","success",1,"[""35.231.141.67""]","success",1,"[""35.231.141.67""]","[""35.231.141.67""]",1,"success"
92,0,"us_control_sample_nat","amlalommah.net","http://amlalommah.net",1,"amlalommah.net_1",1616671738067,240,"3/25/2021, 7:28:58 AM","[""172.20.144.1""]","success",1,"[""172.67.141.61"",""104.21.62.252""]","success",1,"[""104.21.62.252"",""172.67.141.61""]","[""172.67.141.61"",""104.21.62.252""]",1,"success"
93,0,"us_control_sample_nat","hidemyass.com","https://www.hidemyass.com/",0,"hidemyass.com_0",1616671746535,240,"3/25/2021, 7:29:06 AM","[""172.20.144.1""]","success",1,"[""46.4.29.2""]","success",1,"[""46.4.29.2""]","[""46.4.29.2""]",1,"success"
94,0,"us_control_sample_nat","state.gov","https://www.state.gov/j/drl/",0,"state.gov_0",1616671757090,240,"3/25/2021, 7:29:17 AM","[""172.20.144.1""]","success",1,"[""34.233.79.178""]","success",1,"[""34.233.79.178""]","[""34.233.79.178""]",1,"success"
95,0,"us_control_sample_nat","shein.com","http://shein.com",0,"shein.com_0",1616671769774,240,"3/25/2021, 7:29:29 AM","[""172.20.144.1""]","success",1,"[""35.166.17.60"",""35.166.139.52""]","success",1,"[""35.166.17.60"",""35.166.139.52""]","[""35.166.17.60"",""35.166.139.52""]",1,"success"
96,0,"us_control_sample_nat","alarab.qa","http://alarab.qa",0,"alarab.qa_0",1616671780553,240,"3/25/2021, 7:29:40 AM","[""172.20.144.1""]","success",1,"[""172.67.70.195"",""104.26.3.15"",""104.26.2.15""]","success",1,"[""172.67.70.195"",""104.26.2.15"",""104.26.3.15""]","[""172.67.70.195"",""104.26.3.15"",""104.26.2.15""]",1,"success"
97,0,"us_control_sample_nat","cimaclub.com","http://cimaclub.com/",0,"cimaclub.com_0",1616671790572,240,"3/25/2021, 7:29:50 AM","[""172.20.144.1""]","success",1,"[""104.21.4.178"",""172.67.132.82""]","success",1,"[""104.21.4.178"",""172.67.132.82""]","[""104.21.4.178"",""172.67.132.82""]",1,"success"
98,0,"us_control_sample_nat","madamirror14.appspot.com","https://madamirror14.appspot.com/madamasr.com/",0,"madamirror14.appspot.com_0",1616671799507,240,"3/25/2021, 7:29:59 AM","[""172.20.144.1""]","success",1,"[""142.250.64.116""]","success",1,"[""172.217.10.148""]","[""142.250.64.116"",""172.217.10.148""]",1,"success"
99,0,"us_control_sample_nat","toolur.com","http://www.toolur.com",0,"toolur.com_0",1616671806717,240,"3/25/2021, 7:30:06 AM","[""172.20.144.1""]","success",1,"[""157.90.133.100""]","success",1,"[""157.90.133.100""]","[""157.90.133.100""]",1,"success"
100,0,"us_control_sample_nat","ultrasurf.us","http://ultrasurf.us/",0,"ultrasurf.us_0",1616671818691,240,"3/25/2021, 7:30:18 AM","[""172.20.144.1""]","success",1,"[""104.21.234.101"",""104.21.234.100""]","success",1,"[""104.21.234.101"",""104.21.234.100""]","[""104.21.234.101"",""104.21.234.100""]",1,"success"
101,0,"us_control_sample_nat","ikhwanonline.com","http://ikhwanonline.com",1,"ikhwanonline.com_1",1616671827684,240,"3/25/2021, 7:30:27 AM","[""172.20.144.1""]","success",1,"[""172.67.152.47"",""104.21.88.190""]","success",1,"[""104.21.88.190"",""172.67.152.47""]","[""172.67.152.47"",""104.21.88.190""]",1,"success"
102,0,"us_control_sample_nat","arabsolaa.com","http://www.arabsolaa.com/",0,"arabsolaa.com_0",1616671839244,240,"3/25/2021, 7:30:39 AM","[""172.20.144.1""]","success",1,"[""104.21.5.132"",""172.67.133.123""]","success",1,"[""172.67.133.123"",""104.21.5.132""]","[""104.21.5.132"",""172.67.133.123""]",1,"success"
103,0,"us_control_sample_nat","al-sharq.com","http://www.al-sharq.com",1,"al-sharq.com_1",1616671848935,240,"3/25/2021, 7:30:48 AM","[""172.20.144.1""]","success",1,"[""104.22.76.104"",""172.67.26.243"",""104.22.77.104""]","success",1,"[""104.22.76.104"",""172.67.26.243"",""104.22.77.104""]","[""104.22.76.104"",""172.67.26.243"",""104.22.77.104""]",1,"success"
104,0,"us_control_sample_nat","masreiat.com","http://masreiat.com",1,"masreiat.com_1",1616671866832,240,"3/25/2021, 7:31:06 AM","[""172.20.144.1""]","success",1,"[""104.21.54.14"",""172.67.222.53""]","success",1,"[""104.21.54.14"",""172.67.222.53""]","[""104.21.54.14"",""172.67.222.53""]",1,"success"
105,0,"us_control_sample_nat","likud.org.il","http://www.likud.org.il/",0,"likud.org.il_0",1616671874844,240,"3/25/2021, 7:31:14 AM","[""172.20.144.1""]","success",1,"[""104.26.7.213"",""172.67.69.64"",""104.26.6.213""]","success",1,"[""104.26.6.213"",""104.26.7.213"",""172.67.69.64""]","[""104.26.7.213"",""172.67.69.64"",""104.26.6.213""]",1,"success"
106,0,"us_control_sample_nat","khatab38.blogspot.com","https://khatab38.blogspot.com/",0,"khatab38.blogspot.com_0",1616671888463,240,"3/25/2021, 7:31:28 AM","[""172.20.144.1""]","success",1,"[""172.217.12.129""]","success",1,"[""172.217.12.193""]","[""172.217.12.129"",""172.217.12.193""]",1,"success"
107,0,"us_control_sample_nat","mormon.org","https://www.mormon.org/",0,"mormon.org_0",1616671908292,240,"3/25/2021, 7:31:48 AM","[""172.20.144.1""]","success",1,"[""216.49.176.179""]","success",1,"[""216.49.176.179""]","[""216.49.176.179""]",1,"success"
108,0,"us_control_sample_nat","al-akhbar.com","http://www.al-akhbar.com",1,"al-akhbar.com_1",1616671945640,240,"3/25/2021, 7:32:25 AM","[""172.20.144.1""]","success",1,"[""172.67.75.16"",""104.26.2.184"",""104.26.3.184""]","success",1,"[""172.67.75.16"",""104.26.3.184"",""104.26.2.184""]","[""172.67.75.16"",""104.26.2.184"",""104.26.3.184""]",1,"success"
109,0,"us_control_sample_nat","amlalommah.net","https://amlalommah.net/",2,"amlalommah.net_2",1616671957658,240,"3/25/2021, 7:32:37 AM","[""172.20.144.1""]","success",1,"[""104.21.62.252"",""172.67.141.61""]","success",1,"[""172.67.141.61"",""104.21.62.252""]","[""104.21.62.252"",""172.67.141.61""]",1,"success"
110,0,"us_control_sample_nat","anonymizer.com","http://www.anonymizer.com",0,"anonymizer.com_0",1616671966347,240,"3/25/2021, 7:32:46 AM","[""172.20.144.1""]","success",1,"[""52.204.10.149""]","success",1,"[""52.204.10.149""]","[""52.204.10.149""]",1,"success"
111,0,"us_control_sample_nat","hola.org","https://hola.org/",0,"hola.org_0",1616671975007,240,"3/25/2021, 7:32:55 AM","[""172.20.144.1""]","success",1,"[""54.225.121.9"",""107.22.193.119""]","success",1,"[""107.22.193.119"",""54.225.121.9""]","[""54.225.121.9"",""107.22.193.119""]",1,"success"
112,0,"us_control_sample_nat","aljazeera.com","https://www.aljazeera.com/",0,"aljazeera.com_0",1616671984363,240,"3/25/2021, 7:33:04 AM","[""172.20.144.1""]","success",1,"[""3.19.85.103"",""18.221.4.222"",""18.190.69.10""]","success",1,"[""13.49.58.153"",""13.48.79.150"",""13.48.244.72""]","[""3.19.85.103"",""18.221.4.222"",""18.190.69.10"",""13.49.58.153"",""13.48.79.150"",""13.48.244.72""]",1,"success"
113,0,"us_control_sample_nat","muhammadanism.com","http://www.muhammadanism.com/",0,"muhammadanism.com_0",1616671998452,240,"3/25/2021, 7:33:18 AM","[""172.20.144.1""]","success",1,"[""96.45.83.57"",""96.45.82.137"",""96.45.83.157"",""96.45.82.124""]","success",1,"[""96.45.82.124"",""96.45.83.57"",""96.45.82.137"",""96.45.83.157""]","[""96.45.83.57"",""96.45.82.137"",""96.45.83.157"",""96.45.82.124""]",1,"success"
114,0,"us_control_sample_nat","ultrasawt.com","https://ultrasawt.com/",0,"ultrasawt.com_0",1616672008073,240,"3/25/2021, 7:33:28 AM","[""172.20.144.1""]","success",1,"[""192.229.163.18""]","success",1,"[""192.229.163.18""]","[""192.229.163.18""]",1,"success"
115,0,"us_control_sample_nat","vpnlux.com","https://www.vpnlux.com/",0,"vpnlux.com_0",1616672020633,240,"3/25/2021, 7:33:40 AM","[""172.20.144.1""]","success",1,"[""172.67.218.177"",""104.21.53.204""]","success",1,"[""104.21.53.204"",""172.67.218.177""]","[""172.67.218.177"",""104.21.53.204""]",1,"success"
116,0,"us_control_sample_nat","tv.arblionz.com","https://tv.arblionz.com/",0,"tv.arblionz.com_0",1616672030551,240,"3/25/2021, 7:33:50 AM","[""172.20.144.1""]","success",1,"[""104.21.75.188"",""172.67.180.136""]","success",1,"[""104.21.75.188"",""172.67.180.136""]","[""104.21.75.188"",""172.67.180.136""]",1,"success"
117,0,"us_control_sample_nat","vvw.almanassa.net","https://vvw.almanassa.net/",0,"vvw.almanassa.net_0",1616672040118,240,"3/25/2021, 7:34:00 AM","[""172.20.144.1""]","success",1,"[""83.68.31.235""]","success",1,"[""83.68.31.235""]","[""83.68.31.235""]",1,"success"
118,0,"us_control_sample_nat","reporter-ohne-grenzen.de","https://www.reporter-ohne-grenzen.de/",0,"reporter-ohne-grenzen.de_0",1616672053146,240,"3/25/2021, 7:34:13 AM","[""172.20.144.1""]","success",1,"[""212.87.50.14""]","success",1,"[""212.87.50.14""]","[""212.87.50.14""]",1,"success"
119,0,"us_control_sample_nat","takesper.gq","http://www.takesper.gq",0,"takesper.gq_0",1616672065196,240,"3/25/2021, 7:34:25 AM","[""172.20.144.1""]","success",1,"[""195.20.48.69""]","success",1,"[""195.20.48.69""]","[""195.20.48.69""]",1,"success"
120,0,"us_control_sample_nat","tahrirnews.com","https://www.tahrirnews.com/",0,"tahrirnews.com_0",1616672074598,240,"3/25/2021, 7:34:34 AM","[""172.20.144.1""]","success",1,"[""172.67.140.104"",""104.21.46.153""]","success",1,"[""172.67.140.104"",""104.21.46.153""]","[""172.67.140.104"",""104.21.46.153""]",1,"success"
121,0,"us_control_sample_nat","akhbarturkiya.com","http://akhbarturkiya.com/",1,"akhbarturkiya.com_1",1616672086126,240,"3/25/2021, 7:34:46 AM","[""172.20.144.1""]","success",1,"[""172.67.222.117"",""104.21.62.94""]","success",1,"[""104.21.62.94"",""172.67.222.117""]","[""172.67.222.117"",""104.21.62.94""]",1,"success"
122,0,"us_control_sample_nat","securevpn.com","https://securevpn.com/",0,"securevpn.com_0",1616672095790,240,"3/25/2021, 7:34:55 AM","[""172.20.144.1""]","success",1,"[""64.137.89.227""]","success",1,"[""64.137.89.227""]","[""64.137.89.227""]",1,"success"
123,0,"us_control_sample_nat","moderndrunkardmagazine.com","http://www.moderndrunkardmagazine.com/",0,"moderndrunkardmagazine.com_0",1616672103715,240,"3/25/2021, 7:35:03 AM","[""172.20.144.1""]","success",1,"[""209.141.38.71"",""192.161.187.200"",""107.161.23.204""]","success",1,"[""209.141.38.71"",""192.161.187.200"",""107.161.23.204""]","[""209.141.38.71"",""192.161.187.200"",""107.161.23.204""]",1,"success"
124,0,"us_control_sample_nat","egybest.bid","http://egybest.bid",0,"egybest.bid_0",1616672113604,240,"3/25/2021, 7:35:13 AM","[""172.20.144.1""]","success",1,"[""104.21.36.101"",""172.67.192.81""]","success",1,"[""172.67.192.81"",""104.21.36.101""]","[""104.21.36.101"",""172.67.192.81""]",1,"success"
125,0,"us_control_sample_nat","tunnelbear.com","http://www.tunnelbear.com",1,"tunnelbear.com_1",1616672122018,240,"3/25/2021, 7:35:22 AM","[""172.20.144.1""]","success",1,"[""104.17.154.236"",""104.17.155.236""]","success",1,"[""104.17.154.236"",""104.17.155.236""]","[""104.17.154.236"",""104.17.155.236""]",1,"success"
126,0,"us_control_sample_nat","wilpf.org","http://wilpf.org/",0,"wilpf.org_0",1616672130127,240,"3/25/2021, 7:35:30 AM","[""172.20.144.1""]","success",1,"[""5.182.248.140""]","success",1,"[""5.182.248.140""]","[""5.182.248.140""]",1,"success"
127,0,"us_control_sample_nat","eg.arblionz.com","https://eg.arblionz.com/",0,"eg.arblionz.com_0",1616672144126,240,"3/25/2021, 7:35:44 AM","[""172.20.144.1""]","success",1,"[""104.21.75.188"",""172.67.180.136""]","success",1,"[""172.67.180.136"",""104.21.75.188""]","[""104.21.75.188"",""172.67.180.136""]",1,"success"
128,0,"us_control_sample_nat","movizland.online","http://movizland.online/",0,"movizland.online_0",1616672155359,240,"3/25/2021, 7:35:55 AM","[""172.20.144.1""]","success",1,"[""172.67.214.8"",""104.21.83.46""]","success",1,"[""172.67.214.8"",""104.21.83.46""]","[""172.67.214.8"",""104.21.83.46""]",1,"success"
129,0,"us_control_sample_nat","raya.com","http://www.raya.com",2,"raya.com_2",1616672168120,240,"3/25/2021, 7:36:08 AM","[""172.20.144.1""]","success",1,"[""104.26.10.92"",""172.67.74.185"",""104.26.11.92""]","success",1,"[""104.26.10.92"",""172.67.74.185"",""104.26.11.92""]","[""104.26.10.92"",""172.67.74.185"",""104.26.11.92""]",1,"success"
130,0,"us_control_sample_nat","ar4up.com","https://ar4up.com/",0,"ar4up.com_0",1616672181623,240,"3/25/2021, 7:36:21 AM","[""172.20.144.1""]","success",1,"[""104.21.18.61"",""172.67.180.178""]","success",1,"[""172.67.180.178"",""104.21.18.61""]","[""104.21.18.61"",""172.67.180.178""]",1,"success"
131,0,"us_control_sample_nat","postimage.io","https://postimage.io/",0,"postimage.io_0",1616672193263,240,"3/25/2021, 7:36:33 AM","[""172.20.144.1""]","success",1,"[""46.229.175.90""]","success",1,"[""46.229.175.90""]","[""46.229.175.90""]",1,"success"
132,0,"us_control_sample_nat","secfirst.org","https://www.secfirst.org/",0,"secfirst.org_0",1616672202019,240,"3/25/2021, 7:36:42 AM","[""172.20.144.1""]","success",1,"[""52.50.17.13""]","success",1,"[""52.50.17.13""]","[""52.50.17.13""]",1,"success"
133,0,"us_control_sample_nat","alaraby.tv","http://alaraby.tv",0,"alaraby.tv_0",1616672211880,240,"3/25/2021, 7:36:51 AM","[""172.20.144.1""]","success",1,"[""151.101.66.216"",""151.101.194.216"",""151.101.2.216"",""151.101.130.216""]","success",1,"[""151.101.2.216"",""151.101.130.216"",""151.101.66.216"",""151.101.194.216""]","[""151.101.66.216"",""151.101.194.216"",""151.101.2.216"",""151.101.130.216""]",1,"success"
134,0,"us_control_sample_nat","goldenfrog.com","https://www.goldenfrog.com/",0,"goldenfrog.com_0",1616672222349,240,"3/25/2021, 7:37:02 AM","[""172.20.144.1""]","success",1,"[""209.99.60.226""]","success",1,"[""209.99.60.226""]","[""209.99.60.226""]",1,"success"
135,0,"us_control_sample_nat","dailynewsegypt.com","http://dailynewsegypt.com",0,"dailynewsegypt.com_0",1616672232829,240,"3/25/2021, 7:37:12 AM","[""172.20.144.1""]","success",1,"[""151.139.243.1""]","success",1,"[""151.139.243.1""]","[""151.139.243.1""]",1,"success"
136,0,"us_control_sample_nat","almesryoon.com","http://almesryoon.com",0,"almesryoon.com_0",1616672244514,240,"3/25/2021, 7:37:24 AM","[""172.20.144.1""]","success",1,"[""104.21.52.44"",""172.67.195.19""]","success",1,"[""172.67.195.19"",""104.21.52.44""]","[""104.21.52.44"",""172.67.195.19""]",1,"success"
137,0,"us_control_sample_nat","thepeninsulaqatar.com","http://www.thepeninsulaqatar.com",1,"thepeninsulaqatar.com_1",1616672254543,240,"3/25/2021, 7:37:34 AM","[""172.20.144.1""]","success",1,"[""172.67.70.41"",""104.26.4.95"",""104.26.5.95""]","success",1,"[""104.26.4.95"",""104.26.5.95"",""172.67.70.41""]","[""172.67.70.41"",""104.26.4.95"",""104.26.5.95""]",1,"success"
138,0,"us_control_sample_nat","al-akhbar.com","https://www.al-akhbar.com/",2,"al-akhbar.com_2",1616672264623,240,"3/25/2021, 7:37:44 AM","[""172.20.144.1""]","success",1,"[""172.67.75.16"",""104.26.3.184"",""104.26.2.184""]","success",1,"[""104.26.2.184"",""172.67.75.16"",""104.26.3.184""]","[""172.67.75.16"",""104.26.3.184"",""104.26.2.184""]",1,"success"
139,0,"us_control_sample_nat","safervpn.com","http://www.safervpn.com",0,"safervpn.com_0",1616672278949,240,"3/25/2021, 7:37:58 AM","[""172.20.144.1""]","success",1,"[""151.101.194.133"",""151.101.2.133"",""151.101.66.133"",""151.101.130.133""]","success",1,"[""151.101.2.133"",""151.101.66.133"",""151.101.130.133"",""151.101.194.133""]","[""151.101.194.133"",""151.101.2.133"",""151.101.66.133"",""151.101.130.133""]",1,"success"
140,0,"us_control_sample_nat","hamas.ps","https://hamas.ps/",0,"hamas.ps_0",1616672289074,240,"3/25/2021, 7:38:09 AM","[""172.20.144.1""]","success",1,"[""185.215.235.5"",""185.215.234.5""]","success",1,"[""185.215.234.5"",""185.215.235.5""]","[""185.215.235.5"",""185.215.234.5""]",1,"success"
141,0,"us_control_sample_nat","ikhwanonline.info","https://ikhwanonline.info/",0,"ikhwanonline.info_0",1616672300872,240,"3/25/2021, 7:38:20 AM","[""172.20.144.1""]","success",1,"[""104.21.76.16"",""172.67.185.16""]","success",1,"[""172.67.185.16"",""104.21.76.16""]","[""104.21.76.16"",""172.67.185.16""]",1,"success"
142,0,"us_control_sample_nat","elwehda.com","http://www.elwehda.com",0,"elwehda.com_0",1616672311154,240,"3/25/2021, 7:38:31 AM","[""172.20.144.1""]","success",1,"[""172.67.139.223"",""104.21.65.27""]","success",1,"[""104.21.65.27"",""172.67.139.223""]","[""172.67.139.223"",""104.21.65.27""]",1,"success"
143,0,"us_control_sample_nat","toolur.com","http://www.toolur.com/",1,"toolur.com_1",1616672321335,240,"3/25/2021, 7:38:41 AM","[""172.20.144.1""]","success",1,"[""157.90.133.100""]","success",1,"[""157.90.133.100""]","[""157.90.133.100""]",1,"success"
144,0,"us_control_sample_nat","f-secure.com","https://www.f-secure.com/en/home/products/freedome/",0,"f-secure.com_0",1616672331937,240,"3/25/2021, 7:38:51 AM","[""172.20.144.1""]","success",1,"[""104.102.103.44""]","success",1,"[""104.102.103.44""]","[""104.102.103.44""]",1,"success"
145,0,"us_control_sample_nat","usacasino.com","http://www.usacasino.com/",0,"usacasino.com_0",1616672342752,240,"3/25/2021, 7:39:02 AM","[""172.20.144.1""]","success",1,"[""217.19.248.132""]","success",1,"[""217.19.248.132""]","[""217.19.248.132""]",0,"Navigation timeout of 60000 ms exceeded"
146,0,"us_control_sample_nat","freedomhouse.org","https://freedomhouse.org/",0,"freedomhouse.org_0",1616672410021,240,"3/25/2021, 7:40:10 AM","[""172.20.144.1""]","success",1,"[""172.67.0.188"",""104.20.25.106"",""104.20.26.106""]","success",1,"[""104.20.26.106"",""172.67.0.188"",""104.20.25.106""]","[""172.67.0.188"",""104.20.25.106"",""104.20.26.106""]",1,"success"
147,0,"us_control_sample_nat","tripod.lycos.com","http://www.tripod.lycos.com/",0,"tripod.lycos.com_0",1616672418446,240,"3/25/2021, 7:40:18 AM","[""172.20.144.1""]","success",1,"[""209.202.252.105""]","success",1,"[""209.202.252.105""]","[""209.202.252.105""]",1,"success"
148,0,"us_control_sample_nat","teenhealthfx.com","http://www.teenhealthfx.com/",0,"teenhealthfx.com_0",1616672426677,240,"3/25/2021, 7:40:26 AM","[""172.20.144.1""]","success",1,"[""198.140.184.58""]","success",1,"[""198.140.184.58""]","[""198.140.184.58""]",1,"success"
149,0,"us_control_sample_nat","ekb.eg","http://ekb.eg",0,"ekb.eg_0",1616672436084,240,"3/25/2021, 7:40:36 AM","[""172.20.144.1""]","success",1,"[""195.43.22.50""]","success",1,"[""195.43.22.50""]","[""195.43.22.50""]",1,"success"
150,0,"us_control_sample_nat","alkessa.com","http://alkessa.com/",0,"alkessa.com_0",1616672452683,240,"3/25/2021, 7:40:52 AM","[""172.20.144.1""]","success",1,"[""104.21.20.159"",""172.67.193.47""]","success",1,"[""172.67.193.47"",""104.21.20.159""]","[""104.21.20.159"",""172.67.193.47""]",1,"success"
151,0,"us_control_sample_nat","wiktionary.org","https://www.wiktionary.org/",0,"wiktionary.org_0",1616672461510,240,"3/25/2021, 7:41:01 AM","[""172.20.144.1""]","success",1,"[""208.80.154.224""]","success",1,"[""208.80.154.224""]","[""208.80.154.224""]",1,"success"
152,0,"us_control_sample_nat","freesafeip.com","https://freesafeip.com/",0,"freesafeip.com_0",1616672470123,240,"3/25/2021, 7:41:10 AM","[""172.20.144.1""]","success",1,"[""172.67.138.66"",""104.21.8.24""]","success",1,"[""104.21.8.24"",""172.67.138.66""]","[""172.67.138.66"",""104.21.8.24""]",1,"success"
153,0,"us_control_sample_nat","madamirrored.appspot.com","https://madamirrored.appspot.com/www.madamasr.com/",0,"madamirrored.appspot.com_0",1616672478662,240,"3/25/2021, 7:41:18 AM","[""172.20.144.1""]","success",1,"[""172.217.10.20""]","success",1,"[""172.217.3.116""]","[""172.217.10.20"",""172.217.3.116""]",1,"success"
154,0,"us_control_sample_nat","elbadil.com","https://elbadil.com/",1,"elbadil.com_1",1616672486057,240,"3/25/2021, 7:41:26 AM","[""172.20.144.1""]","success",1,"[""172.67.153.20"",""104.21.32.169""]","success",1,"[""104.21.32.169"",""172.67.153.20""]","[""172.67.153.20"",""104.21.32.169""]",1,"success"
155,0,"us_control_sample_nat","arabi21.com","http://arabi21.com",0,"arabi21.com_0",1616672494688,240,"3/25/2021, 7:41:34 AM","[""172.20.144.1""]","success",1,"[""172.67.96.169"",""104.25.135.112"",""104.25.136.112""]","success",1,"[""104.25.136.112"",""104.25.135.112"",""172.67.96.169""]","[""172.67.96.169"",""104.25.135.112"",""104.25.136.112""]",1,"success"
156,0,"us_control_sample_nat","huffingtonpost.com","http://www.huffingtonpost.com/",0,"huffingtonpost.com_0",1616672504661,240,"3/25/2021, 7:41:44 AM","[""172.20.144.1""]","success",1,"[""74.6.136.150"",""124.108.115.100"",""98.136.103.23"",""106.10.248.150"",""212.82.100.150""]","success",1,"[""98.136.103.23"",""212.82.100.150"",""124.108.115.100"",""74.6.136.150"",""106.10.248.150""]","[""74.6.136.150"",""124.108.115.100"",""98.136.103.23"",""106.10.248.150"",""212.82.100.150""]",1,"success"
157,0,"us_control_sample_nat","imo.im","http://imo.im/",0,"imo.im_0",1616672514697,240,"3/25/2021, 7:41:54 AM","[""172.20.144.1""]","success",1,"[""192.12.31.66"",""104.36.224.185"",""5.150.156.197"",""104.36.224.182"",""38.90.96.67"",""104.36.224.186"",""104.36.224.181"",""38.90.96.66"",""38.90.96.64"",""104.36.224.187"",""192.12.31.64"",""104.36.224.183"",""104.36.224.188"",""192.12.31.67"",""5.150.156.196"",""104.36.224.184"",""5.150.156.198"",""192.12.31.65"",""38.90.96.65"",""5.150.156.199""]","success",1,"[""104.36.224.188"",""5.150.156.198"",""104.36.224.182"",""38.90.96.67"",""104.36.224.184"",""5.150.156.199"",""192.12.31.65"",""104.36.224.187"",""38.90.96.64"",""104.36.224.185"",""192.12.31.64"",""104.36.224.183"",""192.12.31.67"",""38.90.96.65"",""5.150.156.196"",""104.36.224.186"",""38.90.96.66"",""5.150.156.197"",""192.12.31.66"",""104.36.224.181""]","[""192.12.31.66"",""104.36.224.185"",""5.150.156.197"",""104.36.224.182"",""38.90.96.67"",""104.36.224.186"",""104.36.224.181"",""38.90.96.66"",""38.90.96.64"",""104.36.224.187"",""192.12.31.64"",""104.36.224.183"",""104.36.224.188"",""192.12.31.67"",""5.150.156.196"",""104.36.224.184"",""5.150.156.198"",""192.12.31.65"",""38.90.96.65"",""5.150.156.199""]",1,"success"
158,0,"us_control_sample_nat","cseindia.org","http://www.cseindia.org/",0,"cseindia.org_0",1616672524531,240,"3/25/2021, 7:42:04 AM","[""172.20.144.1""]","success",1,"[""3.6.12.203""]","success",1,"[""3.6.12.203""]","[""3.6.12.203""]",1,"success"
159,0,"us_control_sample_nat","cdn.ampproject.org","https://cdn.ampproject.org/v0/amp-iframe-0.1.js",0,"cdn.ampproject.org_0",1616672537204,240,"3/25/2021, 7:42:17 AM","[""172.20.144.1""]","success",1,"[""142.250.64.97""]","success",1,"[""172.217.10.65""]","[""142.250.64.97"",""172.217.10.65""]",1,"success"
160,0,"us_control_sample_nat","almodon.com","https://almodon.com/",0,"almodon.com_0",1616672545798,240,"3/25/2021, 7:42:25 AM","[""172.20.144.1""]","success",1,"[""192.229.163.18""]","success",1,"[""192.229.163.18""]","[""192.229.163.18""]",1,"success"
161,0,"us_control_sample_nat","madamasr.com","http://madamasr.com",0,"madamasr.com_0",1616672554979,240,"3/25/2021, 7:42:34 AM","[""172.20.144.1""]","success",1,"[""172.67.5.33"",""104.22.17.135"",""104.22.16.135""]","success",1,"[""104.22.16.135"",""104.22.17.135"",""172.67.5.33""]","[""172.67.5.33"",""104.22.17.135"",""104.22.16.135""]",1,"success"
162,0,"us_control_sample_nat","alarab.qa","https://www.alarab.qa/",1,"alarab.qa_1",1616672563331,240,"3/25/2021, 7:42:43 AM","[""172.20.144.1""]","success",1,"[""104.26.2.15"",""104.26.3.15"",""172.67.70.195""]","success",1,"[""172.67.70.195"",""104.26.2.15"",""104.26.3.15""]","[""104.26.2.15"",""104.26.3.15"",""172.67.70.195""]",1,"success"
163,0,"us_control_sample_nat","mada23.appspot.com","https://mada23.appspot.com/madamasr.com/",0,"mada23.appspot.com_0",1616672575231,240,"3/25/2021, 7:42:55 AM","[""172.20.144.1""]","success",1,"[""172.217.10.116""]","success",1,"[""142.250.64.84""]","[""172.217.10.116"",""142.250.64.84""]",1,"success"
164,0,"us_control_sample_nat","namnak.com","http://namnak.com",0,"namnak.com_0",1616672583534,240,"3/25/2021, 7:43:03 AM","[""172.20.144.1""]","success",1,"[""104.21.72.77""]","success",1,"[""104.21.72.77""]","[""104.21.72.77""]",1,"success"
165,0,"us_control_sample_nat","arabsolaa.com","https://arabsolaa.com/",1,"arabsolaa.com_1",1616672591844,240,"3/25/2021, 7:43:11 AM","[""172.20.144.1""]","success",1,"[""104.21.5.132"",""172.67.133.123""]","success",1,"[""104.21.5.132"",""172.67.133.123""]","[""104.21.5.132"",""172.67.133.123""]",1,"success"
166,0,"us_control_sample_nat","online.wsj.com","https://online.wsj.com/",0,"online.wsj.com_0",1616672600656,240,"3/25/2021, 7:43:20 AM","[""172.20.144.1""]","success",1,"[""13.249.183.61"",""13.249.183.55"",""13.249.183.17"",""13.249.183.106""]","success",1,"[""13.249.183.17"",""13.249.183.106"",""13.249.183.61"",""13.249.183.55""]","[""13.249.183.61"",""13.249.183.55"",""13.249.183.17"",""13.249.183.106""]",1,"success"
167,0,"us_control_sample_nat","tv.mycima.tv","https://tv.mycima.tv/",0,"tv.mycima.tv_0",1616672614889,240,"3/25/2021, 7:43:34 AM","[""172.20.144.1""]","success",1,"[""104.21.3.183"",""172.67.131.21""]","success",1,"[""172.67.131.21"",""104.21.3.183""]","[""104.21.3.183"",""172.67.131.21""]",1,"success"
168,0,"us_control_sample_nat","myworkdayjobs.com","http://myworkdayjobs.com",0,"myworkdayjobs.com_0",1616672625730,240,"3/25/2021, 7:43:45 AM","[""172.20.144.1""]","success",1,"[""127.0.0.1""]","success",1,"[""127.0.0.1""]","[""127.0.0.1""]",0,"net::ERR_CONNECTION_REFUSED at http://myworkdayjobs.com"
169,0,"us_control_sample_nat","madamirror18.appspot.com","https://madamirror18.appspot.com/www.madamasr.com/",0,"madamirror18.appspot.com_0",1616672632867,240,"3/25/2021, 7:43:52 AM","[""172.20.144.1""]","success",1,"[""172.217.10.52""]","success",1,"[""142.250.64.84""]","[""172.217.10.52"",""142.250.64.84""]",1,"success"
170,0,"us_control_sample_nat","madamirror13.appspot.com","https://madamirror13.appspot.com/madamasr.com/",0,"madamirror13.appspot.com_0",1616672641391,240,"3/25/2021, 7:44:01 AM","[""172.20.144.1""]","success",1,"[""172.217.10.116""]","success",1,"[""172.217.12.212""]","[""172.217.10.116"",""172.217.12.212""]",1,"success"
171,0,"us_control_sample_nat","kickstarter.com","http://kickstarter.com",0,"kickstarter.com_0",1616672649172,240,"3/25/2021, 7:44:09 AM","[""172.20.144.1""]","success",1,"[""151.101.2.217"",""151.101.194.217"",""151.101.130.217"",""151.101.66.217""]","success",1,"[""151.101.66.217"",""151.101.2.217"",""151.101.130.217"",""151.101.194.217""]","[""151.101.2.217"",""151.101.194.217"",""151.101.130.217"",""151.101.66.217""]",1,"success"
172,0,"us_control_sample_nat","almanassa.com","https://almanassa.com/ar",1,"almanassa.com_1",1616672657790,240,"3/25/2021, 7:44:17 AM","[""172.20.144.1""]","success",1,"[""83.68.31.235""]","success",1,"[""83.68.31.235""]","[""83.68.31.235""]",1,"success"
173,0,"us_control_sample_nat","harmees.com","http://harmees.com",0,"harmees.com_0",1616672668347,240,"3/25/2021, 7:44:28 AM","[""172.20.144.1""]","success",1,"[""104.21.2.167"",""172.67.129.119""]","success",1,"[""172.67.129.119"",""104.21.2.167""]","[""104.21.2.167"",""172.67.129.119""]",1,"success"
174,0,"us_control_sample_nat","mastodon.cloud","https://mastodon.cloud/",0,"mastodon.cloud_0",1616672677658,240,"3/25/2021, 7:44:37 AM","[""172.20.144.1""]","success",1,"[""104.21.73.91"",""172.67.189.86""]","success",1,"[""172.67.189.86"",""104.21.73.91""]","[""104.21.73.91"",""172.67.189.86""]",1,"success"
175,0,"us_control_sample_nat","bahai.com","http://www.bahai.com/",0,"bahai.com_0",1616672687481,240,"3/25/2021, 7:44:47 AM","[""172.20.144.1""]","success",1,"[""50.62.142.42""]","success",1,"[""50.62.142.42""]","[""50.62.142.42""]",1,"success"
176,0,"us_control_sample_nat","alborsanews.com","http://www.alborsanews.com",0,"alborsanews.com_0",1616672698047,240,"3/25/2021, 7:44:58 AM","[""172.20.144.1""]","success",1,"[""172.67.74.88"",""104.26.15.39"",""104.26.14.39""]","success",1,"[""104.26.14.39"",""104.26.15.39"",""172.67.74.88""]","[""172.67.74.88"",""104.26.15.39"",""104.26.14.39""]",1,"success"
177,0,"us_control_sample_nat","alarab.qa","https://alarab.qa/",2,"alarab.qa_2",1616672718233,240,"3/25/2021, 7:45:18 AM","[""172.20.144.1""]","success",1,"[""104.26.2.15"",""104.26.3.15"",""172.67.70.195""]","success",1,"[""104.26.3.15"",""172.67.70.195"",""104.26.2.15""]","[""104.26.2.15"",""104.26.3.15"",""172.67.70.195""]",1,"success"
178,0,"us_control_sample_nat","cima4up.co","http://cima4up.co/%D9%85%D8%B2%D9%8A%D9%83%D8%A7-%D8%AA%D9%88-%D8%AF%D8%A7%D9%89-mazika2day/",0,"cima4up.co_0",1616672729710,240,"3/25/2021, 7:45:29 AM","[""172.20.144.1""]","success",1,"[""104.21.235.3"",""104.21.235.4""]","success",1,"[""104.21.235.4"",""104.21.235.3""]","[""104.21.235.3"",""104.21.235.4""]",1,"success"
179,0,"us_control_sample_nat","halacima.net","https://www.halacima.net/",0,"halacima.net_0",1616672740427,240,"3/25/2021, 7:45:40 AM","[""172.20.144.1""]","success",1,"[""172.67.222.141"",""104.21.43.74""]","success",1,"[""172.67.222.141"",""104.21.43.74""]","[""172.67.222.141"",""104.21.43.74""]",1,"success"
180,0,"us_control_sample_nat","freshfreeproxy.ga","http://www.freshfreeproxy.ga",0,"freshfreeproxy.ga_0",1616672751016,240,"3/25/2021, 7:45:51 AM","[""172.20.144.1""]","success",1,"[""195.20.54.104""]","success",1,"[""195.20.54.104""]","[""195.20.54.104""]",1,"success"
181,0,"us_control_sample_nat","umayyapress.com","http://www.umayyapress.com",0,"umayyapress.com_0",1616672759742,240,"3/25/2021, 7:45:59 AM","[""172.20.144.1""]","success",1,"[""157.245.242.152"",""52.73.153.209""]","success",1,"[""67.207.81.229"",""157.245.242.152""]","[""157.245.242.152"",""52.73.153.209"",""67.207.81.229""]",1,"success"
182,0,"us_control_sample_nat","drudgereport.com","http://www.drudgereport.com/",0,"drudgereport.com_0",1616672769384,240,"3/25/2021, 7:46:09 AM","[""172.20.144.1""]","success",1,"[""172.67.12.140"",""104.22.4.207"",""104.22.5.207""]","success",1,"[""104.22.4.207"",""104.22.5.207"",""172.67.12.140""]","[""172.67.12.140"",""104.22.4.207"",""104.22.5.207""]",1,"success"
0,0,"us_control_sample_nat","shahidlive.co","https://shahidlive.co/",0,"shahidlive.co_0",1616679189920,240,"3/25/2021, 9:33:09 AM","[""172.24.64.1""]","success",1,"[""212.179.121.131""]","success",1,"[""212.179.121.131""]","[""212.179.121.131""]",0,"Navigation timeout of 60000 ms exceeded"
1,0,"us_control_sample_nat","katib.net","https://katib.net/",0,"katib.net_0",1616680378047,240,"3/25/2021, 9:52:58 AM","[""172.24.64.1""]","success",1,"[""213.108.104.110""]","success",1,"[""213.108.104.110""]","[""213.108.104.110""]",0,"Navigation timeout of 60000 ms exceeded"
